{"cameraMode":{"drawMode":0,"name":"Shaded","section":"Shading Mode"},"sceneLighting":false,"audioPlay":false,"sceneViewState":{"m_AlwaysRefresh":false,"showFog":true,"showSkybox":false,"showFlares":true,"showImageEffects":true,"showParticleSystems":true,"showVisualEffectGraphs":true,"m_FxEnabled":true},"in2DMode":false,"pivot":{"x":-0.06966021656990051,"y":0.0196317657828331,"z":-0.20084306597709657},"rotation":{"x":-0.00595264695584774,"y":-0.9939524531364441,"z":0.07018988579511643,"w":-0.0842907577753067},"size":0.21653234958648683,"orthographic":false}