{"cameraMode":{"drawMode":0,"name":"Shaded","section":"Shading Mode"},"sceneLighting":false,"audioPlay":false,"sceneViewState":{"m_AlwaysRefresh":false,"showFog":true,"showSkybox":false,"showFlares":true,"showImageEffects":true,"showParticleSystems":true,"showVisualEffectGraphs":true,"m_FxEnabled":true},"in2DMode":false,"pivot":{"x":-1.7881393432617188e-7,"y":0.04277849197387695,"z":-0.00000864267349243164},"rotation":{"x":0.5628665089607239,"y":0.009918013587594033,"z":-0.006754722446203232,"w":0.8264616131782532},"size":0.8914132118225098,"orthographic":true}