{"cameraMode":{"drawMode":0,"name":"Shaded","section":"Shading Mode"},"sceneLighting":true,"audioPlay":false,"sceneViewState":{"m_AlwaysRefresh":false,"showFog":true,"showSkybox":true,"showFlares":true,"showImageEffects":true,"showParticleSystems":true,"showVisualEffectGraphs":true,"m_FxEnabled":true},"in2DMode":false,"pivot":{"x":4.732224464416504,"y":-0.593421220779419,"z":7.762534141540527},"rotation":{"x":0.5414531826972961,"y":-0.022693460807204248,"z":0.014622910879552365,"w":0.8402993679046631},"size":1.4263156652450562,"orthographic":false}