{"cameraMode":{"drawMode":0,"name":"Shaded","section":"Shading Mode"},"sceneLighting":false,"audioPlay":false,"sceneViewState":{"m_AlwaysRefresh":false,"showFog":true,"showSkybox":false,"showFlares":true,"showImageEffects":true,"showParticleSystems":true,"showVisualEffectGraphs":true,"m_FxEnabled":true},"in2DMode":false,"pivot":{"x":0.0819164291024208,"y":-0.0969102531671524,"z":0.03519017994403839},"rotation":{"x":0.34783995151519778,"y":-0.13850174844264985,"z":0.05203733220696449,"w":0.925805926322937},"size":0.17220279574394227,"orthographic":false}