{"cameraMode":{"drawMode":0,"name":"Shaded","section":"Shading Mode"},"sceneLighting":false,"audioPlay":false,"sceneViewState":{"m_AlwaysRefresh":false,"showFog":true,"showSkybox":false,"showFlares":true,"showImageEffects":true,"showParticleSystems":true,"showVisualEffectGraphs":true,"m_FxEnabled":true},"in2DMode":false,"pivot":{"x":2.384185791015625e-7,"y":0.1047624945640564,"z":0.4999905824661255},"rotation":{"x":0.5264329314231873,"y":0.0012752310140058399,"z":-0.0007895188755355775,"w":0.8502197861671448},"size":1.9015144109725953,"orthographic":true}