{"cameraMode":{"drawMode":0,"name":"Shaded","section":"Shading Mode"},"sceneLighting":false,"audioPlay":false,"sceneViewState":{"m_AlwaysRefresh":false,"showFog":true,"showSkybox":false,"showFlares":true,"showImageEffects":true,"showParticleSystems":true,"showVisualEffectGraphs":true,"m_FxEnabled":true},"in2DMode":false,"pivot":{"x":-0.05345170199871063,"y":0.03325431048870087,"z":0.035132184624671939},"rotation":{"x":0.26516640186309817,"y":0.372063547372818,"z":-0.11179802566766739,"w":0.882472574710846},"size":0.20289012789726258,"orthographic":false}