{"cameraMode":{"drawMode":0,"name":"Shaded","section":"Shading Mode"},"sceneLighting":false,"audioPlay":false,"sceneViewState":{"m_AlwaysRefresh":false,"showFog":true,"showSkybox":false,"showFlares":true,"showImageEffects":true,"showParticleSystems":true,"showVisualEffectGraphs":true,"m_FxEnabled":true},"in2DMode":false,"pivot":{"x":0.039074305444955829,"y":0.02206607721745968,"z":-0.07182958722114563},"rotation":{"x":0.03855699300765991,"y":0.3956030011177063,"z":-0.0166232381016016,"w":0.9174685478210449},"size":0.0749380886554718,"orthographic":true}