{"cameraMode":{"drawMode":0,"name":"Shaded","section":"Shading Mode"},"sceneLighting":false,"audioPlay":false,"sceneViewState":{"m_AlwaysRefresh":false,"showFog":true,"showSkybox":false,"showFlares":true,"showImageEffects":true,"showParticleSystems":true,"showVisualEffectGraphs":true,"m_FxEnabled":true},"in2DMode":false,"pivot":{"x":0.26577451825141909,"y":-0.05008881166577339,"z":0.5115759372711182},"rotation":{"x":0.4306202530860901,"y":-0.5449720621109009,"z":0.3869234025478363,"w":0.6065172553062439},"size":0.15795770287513734,"orthographic":false}