{"cameraMode":{"drawMode":0,"name":"Shaded","section":"Shading Mode"},"sceneLighting":false,"audioPlay":false,"sceneViewState":{"m_AlwaysRefresh":false,"showFog":true,"showSkybox":false,"showFlares":true,"showImageEffects":true,"showParticleSystems":true,"showVisualEffectGraphs":true,"m_FxEnabled":true},"in2DMode":false,"pivot":{"x":-0.08866250514984131,"y":0.3978879451751709,"z":-0.07971139252185822},"rotation":{"x":0.3140484690666199,"y":0.5989197492599487,"z":-0.27526551485061648,"w":0.683307945728302},"size":1.2269700765609742,"orthographic":true}