{"cameraMode":{"drawMode":0,"name":"Shaded","section":"Shading Mode"},"sceneLighting":false,"audioPlay":false,"sceneViewState":{"m_AlwaysRefresh":false,"showFog":true,"showSkybox":false,"showFlares":true,"showImageEffects":true,"showParticleSystems":true,"showVisualEffectGraphs":true,"m_FxEnabled":true},"in2DMode":false,"pivot":{"x":-0.23955190181732179,"y":0.07805323600769043,"z":0.030919358134269716},"rotation":{"x":-0.015895819291472436,"y":0.7753674387931824,"z":0.019538305699825288,"w":0.6310168504714966},"size":0.6779198050498962,"orthographic":true}