{"cameraMode":{"drawMode":0,"name":"Shaded","section":"Shading Mode"},"sceneLighting":false,"audioPlay":false,"sceneViewState":{"m_AlwaysRefresh":false,"showFog":true,"showSkybox":false,"showFlares":true,"showImageEffects":true,"showParticleSystems":true,"showVisualEffectGraphs":true,"m_FxEnabled":true},"in2DMode":false,"pivot":{"x":-0.7405097484588623,"y":-0.29196321964263918,"z":-0.060673922300338748},"rotation":{"x":0.18450923264026643,"y":-0.6978750824928284,"z":0.19381701946258546,"w":0.664354145526886},"size":1.0997155904769898,"orthographic":false}