{"cameraMode":{"drawMode":0,"name":"Shaded","section":"Shading Mode"},"sceneLighting":false,"audioPlay":false,"sceneViewState":{"m_AlwaysRefresh":false,"showFog":true,"showSkybox":false,"showFlares":true,"showImageEffects":true,"showParticleSystems":true,"showVisualEffectGraphs":true,"m_FxEnabled":true},"in2DMode":false,"pivot":{"x":-0.04678495600819588,"y":-0.13181161880493165,"z":-0.0005762577056884766},"rotation":{"x":-0.00011463798728073016,"y":0.9970742464065552,"z":-0.07642532140016556,"w":-0.001495610922574997},"size":0.7098665833473206,"orthographic":false}