{"cameraMode":{"drawMode":0,"name":"Shaded","section":"Shading Mode"},"sceneLighting":false,"audioPlay":false,"sceneViewState":{"m_AlwaysRefresh":false,"showFog":true,"showSkybox":false,"showFlares":true,"showImageEffects":true,"showParticleSystems":true,"showVisualEffectGraphs":true,"m_FxEnabled":true},"in2DMode":false,"pivot":{"x":0.32688459753990176,"y":-0.12844699621200562,"z":-0.31035658717155459},"rotation":{"x":0.12128715217113495,"y":0.7265563011169434,"z":-0.13288481533527375,"w":0.6631396412849426},"size":0.33051103353500368,"orthographic":false}