{"cameraMode":{"drawMode":0,"name":"Shaded","section":"Shading Mode"},"sceneLighting":false,"audioPlay":false,"sceneViewState":{"m_AlwaysRefresh":false,"showFog":true,"showSkybox":false,"showFlares":true,"showImageEffects":true,"showParticleSystems":true,"showVisualEffectGraphs":true,"m_FxEnabled":true},"in2DMode":false,"pivot":{"x":-0.029805459082126619,"y":-0.07590137422084809,"z":0.01905006170272827},"rotation":{"x":0.2240566909313202,"y":-0.10792107880115509,"z":0.024971023201942445,"w":0.9682657718658447},"size":0.2018674910068512,"orthographic":false}