{"cameraMode":{"drawMode":0,"name":"Shaded","section":"Shading Mode"},"sceneLighting":false,"audioPlay":false,"sceneViewState":{"m_AlwaysRefresh":false,"showFog":true,"showSkybox":false,"showFlares":true,"showImageEffects":true,"showParticleSystems":true,"showVisualEffectGraphs":true,"m_FxEnabled":true},"in2DMode":false,"pivot":{"x":-1.7881393432617188e-7,"y":0.10668843984603882,"z":-0.00000864267349243164},"rotation":{"x":0.3919505178928375,"y":-0.13448385894298554,"z":0.05803574249148369,"w":0.908258318901062},"size":0.931708037853241,"orthographic":true}