{"cameraMode":{"drawMode":0,"name":"Shaded","section":"Shading Mode"},"sceneLighting":false,"audioPlay":false,"sceneViewState":{"m_AlwaysRefresh":false,"showFog":true,"showSkybox":false,"showFlares":true,"showImageEffects":true,"showParticleSystems":true,"showVisualEffectGraphs":true,"m_FxEnabled":true},"in2DMode":false,"pivot":{"x":-0.5609322786331177,"y":-0.48964107036590578,"z":0.4510110020637512},"rotation":{"x":0.5118422508239746,"y":0.26453670859336855,"z":-0.16933509707450868,"w":0.7996034622192383},"size":0.9090522527694702,"orthographic":false}